[{"m_temp":555,"t_temp":26,"enroll_date":"21/07/2023","match_entry_fees":3067},
  {"m_temp":975,"t_temp":605,"enroll_date":"26/06/2023","match_entry_fees":3067},
  {"m_temp":848,"t_temp":167,"enroll_date":"19/08/2023","match_entry_fees":1498},
  {"m_temp":233,"t_temp":255,"enroll_date":"25/02/2024","match_entry_fees":1673},
  {"m_temp":926,"t_temp":363,"enroll_date":"22/08/2023","match_entry_fees":1433},
  {"m_temp":854,"t_temp":757,"enroll_date":"27/03/2023","match_entry_fees":4212},
  {"m_temp":320,"t_temp":251,"enroll_date":"19/12/2023","match_entry_fees":4359},
  {"m_temp":418,"t_temp":768,"enroll_date":"05/03/2024","match_entry_fees":1642},
  {"m_temp":666,"t_temp":589,"enroll_date":"02/11/2023","match_entry_fees":2457},
  {"m_temp":919,"t_temp":442,"enroll_date":"13/03/2024","match_entry_fees":1300},
  {"m_temp":695,"t_temp":755,"enroll_date":"29/10/2023","match_entry_fees":4848},
  {"m_temp":291,"t_temp":441,"enroll_date":"03/09/2023","match_entry_fees":2286},
  {"m_temp":567,"t_temp":128,"enroll_date":"25/09/2023","match_entry_fees":4620},
  {"m_temp":544,"t_temp":19,"enroll_date":"15/12/2023","match_entry_fees":1327},
  {"m_temp":891,"t_temp":110,"enroll_date":"30/08/2023","match_entry_fees":1440},
  {"m_temp":207,"t_temp":386,"enroll_date":"07/02/2024","match_entry_fees":1223},
  {"m_temp":949,"t_temp":770,"enroll_date":"19/01/2024","match_entry_fees":3137},
  {"m_temp":724,"t_temp":818,"enroll_date":"02/03/2024","match_entry_fees":1726},
  {"m_temp":481,"t_temp":13,"enroll_date":"29/12/2023","match_entry_fees":2420},
  {"m_temp":227,"t_temp":110,"enroll_date":"14/03/2024","match_entry_fees":3129},
  {"m_temp":934,"t_temp":726,"enroll_date":"23/11/2023","match_entry_fees":3429},
  {"m_temp":416,"t_temp":386,"enroll_date":"31/10/2023","match_entry_fees":3239},
  {"m_temp":847,"t_temp":636,"enroll_date":"24/06/2023","match_entry_fees":1085},
  {"m_temp":841,"t_temp":832,"enroll_date":"24/02/2024","match_entry_fees":3879},
  {"m_temp":168,"t_temp":248,"enroll_date":"28/05/2023","match_entry_fees":3380},
  {"m_temp":873,"t_temp":747,"enroll_date":"09/05/2023","match_entry_fees":1411},
  {"m_temp":811,"t_temp":22,"enroll_date":"27/01/2024","match_entry_fees":4577},
  {"m_temp":817,"t_temp":835,"enroll_date":"16/07/2023","match_entry_fees":3658},
  {"m_temp":293,"t_temp":573,"enroll_date":"07/02/2024","match_entry_fees":4609},
  {"m_temp":853,"t_temp":687,"enroll_date":"15/03/2024","match_entry_fees":4265},
  {"m_temp":505,"t_temp":523,"enroll_date":"28/01/2024","match_entry_fees":1583},
  {"m_temp":573,"t_temp":475,"enroll_date":"21/01/2024","match_entry_fees":4859},
  {"m_temp":702,"t_temp":858,"enroll_date":"15/03/2024","match_entry_fees":4742},
  {"m_temp":728,"t_temp":26,"enroll_date":"23/05/2023","match_entry_fees":1298},
  {"m_temp":783,"t_temp":200,"enroll_date":"24/01/2024","match_entry_fees":1347},
  {"m_temp":459,"t_temp":574,"enroll_date":"16/07/2023","match_entry_fees":2194},
  {"m_temp":542,"t_temp":572,"enroll_date":"30/06/2023","match_entry_fees":4045},
  {"m_temp":998,"t_temp":548,"enroll_date":"03/08/2023","match_entry_fees":3180},
  {"m_temp":428,"t_temp":714,"enroll_date":"27/08/2023","match_entry_fees":4143},
  {"m_temp":9,"t_temp":593,"enroll_date":"02/12/2023","match_entry_fees":4573},
  {"m_temp":234,"t_temp":97,"enroll_date":"17/08/2023","match_entry_fees":2294},
  {"m_temp":196,"t_temp":849,"enroll_date":"11/08/2023","match_entry_fees":1636},
  {"m_temp":836,"t_temp":587,"enroll_date":"20/08/2023","match_entry_fees":2531},
  {"m_temp":465,"t_temp":829,"enroll_date":"22/04/2023","match_entry_fees":1111},
  {"m_temp":876,"t_temp":228,"enroll_date":"08/09/2023","match_entry_fees":2463},
  {"m_temp":921,"t_temp":163,"enroll_date":"15/08/2023","match_entry_fees":3598},
  {"m_temp":75,"t_temp":245,"enroll_date":"03/07/2023","match_entry_fees":3564},
  {"m_temp":791,"t_temp":783,"enroll_date":"11/02/2024","match_entry_fees":4609},
  {"m_temp":910,"t_temp":524,"enroll_date":"31/05/2023","match_entry_fees":3868},
  {"m_temp":643,"t_temp":698,"enroll_date":"11/11/2023","match_entry_fees":2577},
  {"m_temp":112,"t_temp":223,"enroll_date":"20/10/2023","match_entry_fees":4422},
  {"m_temp":11,"t_temp":478,"enroll_date":"19/04/2023","match_entry_fees":1607},
  {"m_temp":515,"t_temp":857,"enroll_date":"22/10/2023","match_entry_fees":3799},
  {"m_temp":51,"t_temp":955,"enroll_date":"26/05/2023","match_entry_fees":3472},
  {"m_temp":17,"t_temp":993,"enroll_date":"03/10/2023","match_entry_fees":3908},
  {"m_temp":315,"t_temp":529,"enroll_date":"02/05/2023","match_entry_fees":4062},
  {"m_temp":23,"t_temp":971,"enroll_date":"31/12/2023","match_entry_fees":4703},
  {"m_temp":460,"t_temp":15,"enroll_date":"06/08/2023","match_entry_fees":4456},
  {"m_temp":511,"t_temp":8,"enroll_date":"17/12/2023","match_entry_fees":2303},
  {"m_temp":169,"t_temp":664,"enroll_date":"14/10/2023","match_entry_fees":2069},
  {"m_temp":393,"t_temp":453,"enroll_date":"02/10/2023","match_entry_fees":1179},
  {"m_temp":197,"t_temp":872,"enroll_date":"09/04/2023","match_entry_fees":2591},
  {"m_temp":410,"t_temp":467,"enroll_date":"02/05/2023","match_entry_fees":1084},
  {"m_temp":852,"t_temp":175,"enroll_date":"19/07/2023","match_entry_fees":5000},
  {"m_temp":676,"t_temp":746,"enroll_date":"19/11/2023","match_entry_fees":2765},
  {"m_temp":897,"t_temp":390,"enroll_date":"28/06/2023","match_entry_fees":2769},
  {"m_temp":248,"t_temp":469,"enroll_date":"18/03/2024","match_entry_fees":3717},
  {"m_temp":101,"t_temp":414,"enroll_date":"18/09/2023","match_entry_fees":3453},
  {"m_temp":835,"t_temp":878,"enroll_date":"07/12/2023","match_entry_fees":4745},
  {"m_temp":659,"t_temp":880,"enroll_date":"15/08/2023","match_entry_fees":3547},
  {"m_temp":28,"t_temp":445,"enroll_date":"24/05/2023","match_entry_fees":3158},
  {"m_temp":86,"t_temp":591,"enroll_date":"18/02/2024","match_entry_fees":1469},
  {"m_temp":730,"t_temp":215,"enroll_date":"15/10/2023","match_entry_fees":1629},
  {"m_temp":719,"t_temp":144,"enroll_date":"03/03/2024","match_entry_fees":2449},
  {"m_temp":340,"t_temp":613,"enroll_date":"02/11/2023","match_entry_fees":1403},
  {"m_temp":341,"t_temp":432,"enroll_date":"18/01/2024","match_entry_fees":3563},
  {"m_temp":957,"t_temp":672,"enroll_date":"19/12/2023","match_entry_fees":4438},
  {"m_temp":660,"t_temp":871,"enroll_date":"15/08/2023","match_entry_fees":1057},
  {"m_temp":794,"t_temp":663,"enroll_date":"13/08/2023","match_entry_fees":4761},
  {"m_temp":635,"t_temp":116,"enroll_date":"16/08/2023","match_entry_fees":1827},
  {"m_temp":746,"t_temp":83,"enroll_date":"30/05/2023","match_entry_fees":1975},
  {"m_temp":362,"t_temp":524,"enroll_date":"22/06/2023","match_entry_fees":2116},
  {"m_temp":467,"t_temp":582,"enroll_date":"15/09/2023","match_entry_fees":1948},
  {"m_temp":80,"t_temp":296,"enroll_date":"15/08/2023","match_entry_fees":4751},
  {"m_temp":648,"t_temp":371,"enroll_date":"07/07/2023","match_entry_fees":4283},
  {"m_temp":561,"t_temp":686,"enroll_date":"15/02/2024","match_entry_fees":1515},
  {"m_temp":889,"t_temp":307,"enroll_date":"12/09/2023","match_entry_fees":3768},
  {"m_temp":272,"t_temp":594,"enroll_date":"30/05/2023","match_entry_fees":1135},
  {"m_temp":843,"t_temp":350,"enroll_date":"22/07/2023","match_entry_fees":2661},
  {"m_temp":684,"t_temp":655,"enroll_date":"17/06/2023","match_entry_fees":2784},
  {"m_temp":589,"t_temp":852,"enroll_date":"14/03/2024","match_entry_fees":4624},
  {"m_temp":554,"t_temp":155,"enroll_date":"08/05/2023","match_entry_fees":1034},
  {"m_temp":700,"t_temp":338,"enroll_date":"08/02/2024","match_entry_fees":1240},
  {"m_temp":302,"t_temp":358,"enroll_date":"14/05/2023","match_entry_fees":4577},
  {"m_temp":321,"t_temp":175,"enroll_date":"21/02/2024","match_entry_fees":2083},
  {"m_temp":223,"t_temp":661,"enroll_date":"25/03/2023","match_entry_fees":1905},
  {"m_temp":811,"t_temp":18,"enroll_date":"27/11/2023","match_entry_fees":2590},
  {"m_temp":14,"t_temp":104,"enroll_date":"06/12/2023","match_entry_fees":1554},
  {"m_temp":973,"t_temp":199,"enroll_date":"13/11/2023","match_entry_fees":2578},
  {"m_temp":370,"t_temp":425,"enroll_date":"26/11/2023","match_entry_fees":3229}]